source_project,source_dataset,label_field,source_label,normalized_source_label,source_path,record_or_image_count,mapped_unified_label,mapping_decision,confidence,match_type,source_reference,source_url,note
devraj,selected_900plus_final,folder_name,atopic_dermatitis,atopic dermatitis,/backup/Intern/Devraj/skin_disease_classifier/data/raw/selected_900plus_final/atopic_dermatitis,1224,atopic_dermatitis,include,high,exact_or_common_synonym,dataset_label,,
devraj,selected_900plus_final,folder_name,contact_dermatitis,contact dermatitis,/backup/Intern/Devraj/skin_disease_classifier/data/raw/selected_900plus_final/contact_dermatitis,1200,contact_dermatitis,include,high,exact_or_common_synonym,dataset_label,,
devraj,selected_900plus_final,folder_name,folliculitis,folliculitis,/backup/Intern/Devraj/skin_disease_classifier/data/raw/selected_900plus_final/folliculitis,1178,folliculitis,include,high,exact_or_common_synonym,dataset_label,,
devraj,selected_900plus_final,folder_name,melanoma,melanoma,/backup/Intern/Devraj/skin_disease_classifier/data/raw/selected_900plus_final/melanoma,1116,melanoma,include,high,exact_or_common_synonym,DermNet/ICD/SNOMED,https://dermnetnz.org/topics/melanoma,
devraj,selected_900plus_final,folder_name,plaque_psoriasis,plaque psoriasis,/backup/Intern/Devraj/skin_disease_classifier/data/raw/selected_900plus_final/plaque_psoriasis,2372,plaque_psoriasis,include,high,exact_or_common_synonym,dataset_label,,
devraj,selected_900plus_final,folder_name,seborrheic_dermatitis,seborrheic dermatitis,/backup/Intern/Devraj/skin_disease_classifier/data/raw/selected_900plus_final/seborrheic_dermatitis,1199,seborrheic_dermatitis,include,high,exact_or_common_synonym,dataset_label,,
devraj,selected_900plus_final,folder_name,tinea_corporis,tinea corporis,/backup/Intern/Devraj/skin_disease_classifier/data/raw/selected_900plus_final/tinea_corporis,1297,tinea_corporis,include,high,exact_or_common_synonym,dataset_label,,
devraj,mendeley,folder_name,32 Curated Categories of Skin Disease Images,32 curated categories of skin disease images,/backup/Intern/Devraj/mendeley-skin-dataset/extracted_data/32 Curated Categories of Skin Disease Images,0,,unmapped,,,,,
devraj,mendeley,folder_name,Actinic Keratosis,actinic keratosis,/backup/Intern/Devraj/mendeley-skin-dataset/extracted_data/Actinic Keratosis,130,,unmapped,,,,,
devraj,mendeley,folder_name,Basal Cell Carcinoma,basal cell carcinoma,/backup/Intern/Devraj/mendeley-skin-dataset/extracted_data/Basal Cell Carcinoma,418,basal_cell_carcinoma,include,high,exact_or_common_synonym,DermNet/ICD/SNOMED,https://dermnetnz.org/topics/basal-cell-carcinoma,
devraj,mendeley,folder_name,Darier's Disease,darier s disease,/backup/Intern/Devraj/mendeley-skin-dataset/extracted_data/Darier's Disease,96,,unmapped,,,,,
devraj,mendeley,folder_name,Dermatofibroma,dermatofibroma,/backup/Intern/Devraj/mendeley-skin-dataset/extracted_data/Dermatofibroma,111,,unmapped,,,,,
devraj,mendeley,folder_name,Epidermolysis Bullosa Pruriginosa,epidermolysis bullosa pruriginosa,/backup/Intern/Devraj/mendeley-skin-dataset/extracted_data/Epidermolysis Bullosa Pruriginosa,96,,unmapped,,,,,
devraj,mendeley,folder_name,Hailey-Hailey Disease,hailey hailey disease,/backup/Intern/Devraj/mendeley-skin-dataset/extracted_data/Hailey-Hailey Disease,145,,unmapped,,,,,
devraj,mendeley,folder_name,Larva Migrans,larva migrans,/backup/Intern/Devraj/mendeley-skin-dataset/extracted_data/Larva Migrans,140,,unmapped,,,,,
devraj,mendeley,folder_name,Leprosy Borderline,leprosy borderline,/backup/Intern/Devraj/mendeley-skin-dataset/extracted_data/Leprosy Borderline,145,,unmapped,,,,,
devraj,mendeley,folder_name,Leprosy Lepromatous,leprosy lepromatous,/backup/Intern/Devraj/mendeley-skin-dataset/extracted_data/Leprosy Lepromatous,293,,unmapped,,,,,
devraj,mendeley,folder_name,Leprosy Tuberculoid,leprosy tuberculoid,/backup/Intern/Devraj/mendeley-skin-dataset/extracted_data/Leprosy Tuberculoid,234,,unmapped,,,,,
devraj,mendeley,folder_name,Lichen Planus,lichen planus,/backup/Intern/Devraj/mendeley-skin-dataset/extracted_data/Lichen Planus,132,,unmapped,,,,,
devraj,mendeley,folder_name,Lupus Erythematosus Chronicus Discoides,lupus erythematosus chronicus discoides,/backup/Intern/Devraj/mendeley-skin-dataset/extracted_data/Lupus Erythematosus Chronicus Discoides,115,lupus_related_skin_lesions,include,high,exact_or_common_synonym,dataset_label,,
devraj,mendeley,folder_name,Melanoma,melanoma,/backup/Intern/Devraj/mendeley-skin-dataset/extracted_data/Melanoma,126,melanoma,include,high,exact_or_common_synonym,DermNet/ICD/SNOMED,https://dermnetnz.org/topics/melanoma,
devraj,mendeley,folder_name,Mycosis Fungoides,mycosis fungoides,/backup/Intern/Devraj/mendeley-skin-dataset/extracted_data/Mycosis Fungoides,116,,unmapped,,,,,
devraj,mendeley,folder_name,Neurofibromatosis,neurofibromatosis,/backup/Intern/Devraj/mendeley-skin-dataset/extracted_data/Neurofibromatosis,86,,unmapped,,,,,
devraj,mendeley,folder_name,Nevus,nevus,/backup/Intern/Devraj/mendeley-skin-dataset/extracted_data/Nevus,373,,unmapped,,,,,
devraj,mendeley,folder_name,Normal,normal,/backup/Intern/Devraj/mendeley-skin-dataset/extracted_data/Normal,124,,unmapped,,,,,
devraj,mendeley,folder_name,Papilomatosis Confluentes And Reticulate,papilomatosis confluentes and reticulate,/backup/Intern/Devraj/mendeley-skin-dataset/extracted_data/Papilomatosis Confluentes And Reticulate,90,,unmapped,,,,,
devraj,mendeley,folder_name,Pediculosis Capitis,pediculosis capitis,/backup/Intern/Devraj/mendeley-skin-dataset/extracted_data/Pediculosis Capitis,82,,unmapped,,,,,
devraj,mendeley,folder_name,Pigmented Benign Keratosis,pigmented benign keratosis,/backup/Intern/Devraj/mendeley-skin-dataset/extracted_data/Pigmented Benign Keratosis,478,,unmapped,,,,,
devraj,mendeley,folder_name,Pityriasis Rosea,pityriasis rosea,/backup/Intern/Devraj/mendeley-skin-dataset/extracted_data/Pityriasis Rosea,129,,unmapped,,,,,
devraj,mendeley,folder_name,Porokeratosis Actinic,porokeratosis actinic,/backup/Intern/Devraj/mendeley-skin-dataset/extracted_data/Porokeratosis Actinic,127,,unmapped,,,,,
devraj,mendeley,folder_name,Psoriasis,psoriasis,/backup/Intern/Devraj/mendeley-skin-dataset/extracted_data/Psoriasis,132,plaque_psoriasis,review_include,medium,broad_dataset_label,dataset_label,,General psoriasis label mapped to plaque psoriasis; review recommended.
devraj,mendeley,folder_name,Seborrheic Keratosis,seborrheic keratosis,/backup/Intern/Devraj/mendeley-skin-dataset/extracted_data/Seborrheic Keratosis,80,seborrheic_dermatitis,exclude,high,reject_or_too_broad,dataset_label,,Different condition from seborrheic dermatitis.
devraj,mendeley,folder_name,Tinea Corporis,tinea corporis,/backup/Intern/Devraj/mendeley-skin-dataset/extracted_data/Tinea Corporis,114,tinea_corporis,include,high,exact_or_common_synonym,dataset_label,,
devraj,mendeley,folder_name,Tinea Nigra,tinea nigra,/backup/Intern/Devraj/mendeley-skin-dataset/extracted_data/Tinea Nigra,118,,unmapped,,,,,
devraj,mendeley,folder_name,Tungiasis,tungiasis,/backup/Intern/Devraj/mendeley-skin-dataset/extracted_data/Tungiasis,133,,unmapped,,,,,
devraj,mendeley,folder_name,Vascular Lesion,vascular lesion,/backup/Intern/Devraj/mendeley-skin-dataset/extracted_data/Vascular Lesion,142,,unmapped,,,,,
devraj,scalp_dataset,folder_name,acne-keloidalis,acne keloidalis,/backup/Intern/Devraj/scalp-dataset/all/acne-keloidalis,61,,unmapped,,,,,
devraj,scalp_dataset,folder_name,androgenic-alopecia,androgenic alopecia,/backup/Intern/Devraj/scalp-dataset/all/androgenic-alopecia,15,,unmapped,,,,,
devraj,scalp_dataset,folder_name,discoid-lupus,discoid lupus,/backup/Intern/Devraj/scalp-dataset/all/discoid-lupus,2,lupus_related_skin_lesions,include,high,exact_or_common_synonym,dataset_label,,
devraj,scalp_dataset,folder_name,dissecting-cellulitis,dissecting cellulitis,/backup/Intern/Devraj/scalp-dataset/all/dissecting-cellulitis,13,,unmapped,,,,,
devraj,scalp_dataset,folder_name,folliculitis-decalvans,folliculitis decalvans,/backup/Intern/Devraj/scalp-dataset/all/folliculitis-decalvans,15,,unmapped,,,,,
devraj,scalp_dataset,folder_name,hirsutism,hirsutism,/backup/Intern/Devraj/scalp-dataset/all/hirsutism,3,,unmapped,,,,,
devraj,scalp_dataset,folder_name,hot-comb-alopecia,hot comb alopecia,/backup/Intern/Devraj/scalp-dataset/all/hot-comb-alopecia,3,,unmapped,,,,,
devraj,scalp_dataset,folder_name,lichen-planopilaris,lichen planopilaris,/backup/Intern/Devraj/scalp-dataset/all/lichen-planopilaris,4,,unmapped,,,,,
devraj,scalp_dataset,folder_name,pseudopelade,pseudopelade,/backup/Intern/Devraj/scalp-dataset/all/pseudopelade,5,,unmapped,,,,,
devraj,scalp_dataset,folder_name,telogen-effluvium,telogen effluvium,/backup/Intern/Devraj/scalp-dataset/all/telogen-effluvium,7,,unmapped,,,,,
devraj,scalp_dataset,folder_name,trichorrhexis-nodosa,trichorrhexis nodosa,/backup/Intern/Devraj/scalp-dataset/all/trichorrhexis-nodosa,4,,unmapped,,,,,
devraj,scalp_dataset,folder_name,trichotillomania,trichotillomania,/backup/Intern/Devraj/scalp-dataset/all/trichotillomania,22,,unmapped,,,,,
devraj,scalp_dataset,folder_name,tufted-folliculitis,tufted folliculitis,/backup/Intern/Devraj/scalp-dataset/all/tufted-folliculitis,12,,unmapped,,,,,
devraj,hair_diseases_train,folder_name,Contact Dermatitis,contact dermatitis,/backup/Intern/Devraj/hair-diseases/Hair Diseases - Final/train/Contact Dermatitis,960,contact_dermatitis,include,high,exact_or_common_synonym,dataset_label,,
devraj,hair_diseases_train,folder_name,Folliculitis,folliculitis,/backup/Intern/Devraj/hair-diseases/Hair Diseases - Final/train/Folliculitis,960,folliculitis,include,high,exact_or_common_synonym,dataset_label,,
devraj,hair_diseases_train,folder_name,Head Lice,head lice,/backup/Intern/Devraj/hair-diseases/Hair Diseases - Final/train/Head Lice,960,,unmapped,,,,,
devraj,hair_diseases_train,folder_name,Lichen Planus,lichen planus,/backup/Intern/Devraj/hair-diseases/Hair Diseases - Final/train/Lichen Planus,960,,unmapped,,,,,
devraj,hair_diseases_train,folder_name,Male Pattern Baldness,male pattern baldness,/backup/Intern/Devraj/hair-diseases/Hair Diseases - Final/train/Male Pattern Baldness,960,,unmapped,,,,,
devraj,hair_diseases_train,folder_name,Psoriasis,psoriasis,/backup/Intern/Devraj/hair-diseases/Hair Diseases - Final/train/Psoriasis,960,plaque_psoriasis,review_include,medium,broad_dataset_label,dataset_label,,General psoriasis label mapped to plaque psoriasis; review recommended.
devraj,hair_diseases_train,folder_name,Seborrheic Dermatitis,seborrheic dermatitis,/backup/Intern/Devraj/hair-diseases/Hair Diseases - Final/train/Seborrheic Dermatitis,960,seborrheic_dermatitis,include,high,exact_or_common_synonym,dataset_label,,
devraj,hair_diseases_train,folder_name,Telogen Effluvium,telogen effluvium,/backup/Intern/Devraj/hair-diseases/Hair Diseases - Final/train/Telogen Effluvium,960,,unmapped,,,,,
devraj,hair_diseases_train,folder_name,Tinea Capitis,tinea capitis,/backup/Intern/Devraj/hair-diseases/Hair Diseases - Final/train/Tinea Capitis,960,,unmapped,,,,,
devraj,hair_diseases_val,folder_name,Contact Dermatitis,contact dermatitis,/backup/Intern/Devraj/hair-diseases/Hair Diseases - Final/val/Contact Dermatitis,120,contact_dermatitis,include,high,exact_or_common_synonym,dataset_label,,
devraj,hair_diseases_val,folder_name,Folliculitis,folliculitis,/backup/Intern/Devraj/hair-diseases/Hair Diseases - Final/val/Folliculitis,120,folliculitis,include,high,exact_or_common_synonym,dataset_label,,
devraj,hair_diseases_val,folder_name,Head Lice,head lice,/backup/Intern/Devraj/hair-diseases/Hair Diseases - Final/val/Head Lice,120,,unmapped,,,,,
devraj,hair_diseases_val,folder_name,Lichen Planus,lichen planus,/backup/Intern/Devraj/hair-diseases/Hair Diseases - Final/val/Lichen Planus,120,,unmapped,,,,,
devraj,hair_diseases_val,folder_name,Male Pattern Baldness,male pattern baldness,/backup/Intern/Devraj/hair-diseases/Hair Diseases - Final/val/Male Pattern Baldness,120,,unmapped,,,,,
devraj,hair_diseases_val,folder_name,Psoriasis,psoriasis,/backup/Intern/Devraj/hair-diseases/Hair Diseases - Final/val/Psoriasis,120,plaque_psoriasis,review_include,medium,broad_dataset_label,dataset_label,,General psoriasis label mapped to plaque psoriasis; review recommended.
devraj,hair_diseases_val,folder_name,Seborrheic Dermatitis,seborrheic dermatitis,/backup/Intern/Devraj/hair-diseases/Hair Diseases - Final/val/Seborrheic Dermatitis,120,seborrheic_dermatitis,include,high,exact_or_common_synonym,dataset_label,,
devraj,hair_diseases_val,folder_name,Telogen Effluvium,telogen effluvium,/backup/Intern/Devraj/hair-diseases/Hair Diseases - Final/val/Telogen Effluvium,120,,unmapped,,,,,
devraj,hair_diseases_val,folder_name,Tinea Capitis,tinea capitis,/backup/Intern/Devraj/hair-diseases/Hair Diseases - Final/val/Tinea Capitis,120,,unmapped,,,,,
devraj,hair_diseases_test,folder_name,Contact Dermatitis,contact dermatitis,/backup/Intern/Devraj/hair-diseases/Hair Diseases - Final/test/Contact Dermatitis,120,contact_dermatitis,include,high,exact_or_common_synonym,dataset_label,,
devraj,hair_diseases_test,folder_name,Folliculitis,folliculitis,/backup/Intern/Devraj/hair-diseases/Hair Diseases - Final/test/Folliculitis,120,folliculitis,include,high,exact_or_common_synonym,dataset_label,,
devraj,hair_diseases_test,folder_name,Head Lice,head lice,/backup/Intern/Devraj/hair-diseases/Hair Diseases - Final/test/Head Lice,120,,unmapped,,,,,
devraj,hair_diseases_test,folder_name,Lichen Planus,lichen planus,/backup/Intern/Devraj/hair-diseases/Hair Diseases - Final/test/Lichen Planus,120,,unmapped,,,,,
devraj,hair_diseases_test,folder_name,Male Pattern Baldness,male pattern baldness,/backup/Intern/Devraj/hair-diseases/Hair Diseases - Final/test/Male Pattern Baldness,120,,unmapped,,,,,
devraj,hair_diseases_test,folder_name,Psoriasis,psoriasis,/backup/Intern/Devraj/hair-diseases/Hair Diseases - Final/test/Psoriasis,120,plaque_psoriasis,review_include,medium,broad_dataset_label,dataset_label,,General psoriasis label mapped to plaque psoriasis; review recommended.
devraj,hair_diseases_test,folder_name,Seborrheic Dermatitis,seborrheic dermatitis,/backup/Intern/Devraj/hair-diseases/Hair Diseases - Final/test/Seborrheic Dermatitis,120,seborrheic_dermatitis,include,high,exact_or_common_synonym,dataset_label,,
devraj,hair_diseases_test,folder_name,Telogen Effluvium,telogen effluvium,/backup/Intern/Devraj/hair-diseases/Hair Diseases - Final/test/Telogen Effluvium,120,,unmapped,,,,,
devraj,hair_diseases_test,folder_name,Tinea Capitis,tinea capitis,/backup/Intern/Devraj/hair-diseases/Hair Diseases - Final/test/Tinea Capitis,120,,unmapped,,,,,
devraj,atlas_31_train,folder_name,Actinic keratosis,actinic keratosis,/backup/Intern/Devraj/home_cache/kagglehub/datasets/kelixo25/31-classes-of-skin-disease/versions/1/Atlas dan ISIC2019 (31 classes)/train/Actinic keratosis,104,,unmapped,,,,,
devraj,atlas_31_train,folder_name,Basal Cell Carcinoma,basal cell carcinoma,/backup/Intern/Devraj/home_cache/kagglehub/datasets/kelixo25/31-classes-of-skin-disease/versions/1/Atlas dan ISIC2019 (31 classes)/train/Basal Cell Carcinoma,334,basal_cell_carcinoma,include,high,exact_or_common_synonym,DermNet/ICD/SNOMED,https://dermnetnz.org/topics/basal-cell-carcinoma,
devraj,atlas_31_train,folder_name,Darier_s Disease,darier s disease,/backup/Intern/Devraj/home_cache/kagglehub/datasets/kelixo25/31-classes-of-skin-disease/versions/1/Atlas dan ISIC2019 (31 classes)/train/Darier_s Disease,76,,unmapped,,,,,
devraj,atlas_31_train,folder_name,Dermatofibroma,dermatofibroma,/backup/Intern/Devraj/home_cache/kagglehub/datasets/kelixo25/31-classes-of-skin-disease/versions/1/Atlas dan ISIC2019 (31 classes)/train/Dermatofibroma,88,,unmapped,,,,,
devraj,atlas_31_train,folder_name,Epidermolysis Bullosa Pruriginosa,epidermolysis bullosa pruriginosa,/backup/Intern/Devraj/home_cache/kagglehub/datasets/kelixo25/31-classes-of-skin-disease/versions/1/Atlas dan ISIC2019 (31 classes)/train/Epidermolysis Bullosa Pruriginosa,76,,unmapped,,,,,
devraj,atlas_31_train,folder_name,Hailey-Hailey Disease,hailey hailey disease,/backup/Intern/Devraj/home_cache/kagglehub/datasets/kelixo25/31-classes-of-skin-disease/versions/1/Atlas dan ISIC2019 (31 classes)/train/Hailey-Hailey Disease,116,,unmapped,,,,,
devraj,atlas_31_train,folder_name,Larva Migrans,larva migrans,/backup/Intern/Devraj/home_cache/kagglehub/datasets/kelixo25/31-classes-of-skin-disease/versions/1/Atlas dan ISIC2019 (31 classes)/train/Larva Migrans,112,,unmapped,,,,,
devraj,atlas_31_train,folder_name,Leprosy Borderline,leprosy borderline,/backup/Intern/Devraj/home_cache/kagglehub/datasets/kelixo25/31-classes-of-skin-disease/versions/1/Atlas dan ISIC2019 (31 classes)/train/Leprosy Borderline,116,,unmapped,,,,,
devraj,atlas_31_train,folder_name,Leprosy Lepromatous,leprosy lepromatous,/backup/Intern/Devraj/home_cache/kagglehub/datasets/kelixo25/31-classes-of-skin-disease/versions/1/Atlas dan ISIC2019 (31 classes)/train/Leprosy Lepromatous,234,,unmapped,,,,,
devraj,atlas_31_train,folder_name,Leprosy Tuberculoid,leprosy tuberculoid,/backup/Intern/Devraj/home_cache/kagglehub/datasets/kelixo25/31-classes-of-skin-disease/versions/1/Atlas dan ISIC2019 (31 classes)/train/Leprosy Tuberculoid,187,,unmapped,,,,,
devraj,atlas_31_train,folder_name,Lichen Planus,lichen planus,/backup/Intern/Devraj/home_cache/kagglehub/datasets/kelixo25/31-classes-of-skin-disease/versions/1/Atlas dan ISIC2019 (31 classes)/train/Lichen Planus,105,,unmapped,,,,,
devraj,atlas_31_train,folder_name,Lupus Erythematosus Chronicus Discoides,lupus erythematosus chronicus discoides,/backup/Intern/Devraj/home_cache/kagglehub/datasets/kelixo25/31-classes-of-skin-disease/versions/1/Atlas dan ISIC2019 (31 classes)/train/Lupus Erythematosus Chronicus Discoides,92,lupus_related_skin_lesions,include,high,exact_or_common_synonym,dataset_label,,
devraj,atlas_31_train,folder_name,Melanoma,melanoma,/backup/Intern/Devraj/home_cache/kagglehub/datasets/kelixo25/31-classes-of-skin-disease/versions/1/Atlas dan ISIC2019 (31 classes)/train/Melanoma,100,melanoma,include,high,exact_or_common_synonym,DermNet/ICD/SNOMED,https://dermnetnz.org/topics/melanoma,
devraj,atlas_31_train,folder_name,Mycosis Fungoides,mycosis fungoides,/backup/Intern/Devraj/home_cache/kagglehub/datasets/kelixo25/31-classes-of-skin-disease/versions/1/Atlas dan ISIC2019 (31 classes)/train/Mycosis Fungoides,92,,unmapped,,,,,
devraj,atlas_31_train,folder_name,Neurofibromatosis,neurofibromatosis,/backup/Intern/Devraj/home_cache/kagglehub/datasets/kelixo25/31-classes-of-skin-disease/versions/1/Atlas dan ISIC2019 (31 classes)/train/Neurofibromatosis,68,,unmapped,,,,,
devraj,atlas_31_train,folder_name,Nevus,nevus,/backup/Intern/Devraj/home_cache/kagglehub/datasets/kelixo25/31-classes-of-skin-disease/versions/1/Atlas dan ISIC2019 (31 classes)/train/Nevus,298,,unmapped,,,,,
devraj,atlas_31_train,folder_name,Papilomatosis Confluentes And Reticulate,papilomatosis confluentes and reticulate,/backup/Intern/Devraj/home_cache/kagglehub/datasets/kelixo25/31-classes-of-skin-disease/versions/1/Atlas dan ISIC2019 (31 classes)/train/Papilomatosis Confluentes And Reticulate,72,,unmapped,,,,,
devraj,atlas_31_train,folder_name,Pediculosis Capitis,pediculosis capitis,/backup/Intern/Devraj/home_cache/kagglehub/datasets/kelixo25/31-classes-of-skin-disease/versions/1/Atlas dan ISIC2019 (31 classes)/train/Pediculosis Capitis,65,,unmapped,,,,,
devraj,atlas_31_train,folder_name,Pigmented Benign Keratosis,pigmented benign keratosis,/backup/Intern/Devraj/home_cache/kagglehub/datasets/kelixo25/31-classes-of-skin-disease/versions/1/Atlas dan ISIC2019 (31 classes)/train/Pigmented Benign Keratosis,382,,unmapped,,,,,
devraj,atlas_31_train,folder_name,Pityriasis Rosea,pityriasis rosea,/backup/Intern/Devraj/home_cache/kagglehub/datasets/kelixo25/31-classes-of-skin-disease/versions/1/Atlas dan ISIC2019 (31 classes)/train/Pityriasis Rosea,103,,unmapped,,,,,
devraj,atlas_31_train,folder_name,Porokeratosis Actinic,porokeratosis actinic,/backup/Intern/Devraj/home_cache/kagglehub/datasets/kelixo25/31-classes-of-skin-disease/versions/1/Atlas dan ISIC2019 (31 classes)/train/Porokeratosis Actinic,101,,unmapped,,,,,
devraj,atlas_31_train,folder_name,Psoriasis,psoriasis,/backup/Intern/Devraj/home_cache/kagglehub/datasets/kelixo25/31-classes-of-skin-disease/versions/1/Atlas dan ISIC2019 (31 classes)/train/Psoriasis,105,plaque_psoriasis,review_include,medium,broad_dataset_label,dataset_label,,General psoriasis label mapped to plaque psoriasis; review recommended.
devraj,atlas_31_train,folder_name,Seborrheic keratosis,seborrheic keratosis,/backup/Intern/Devraj/home_cache/kagglehub/datasets/kelixo25/31-classes-of-skin-disease/versions/1/Atlas dan ISIC2019 (31 classes)/train/Seborrheic keratosis,64,seborrheic_dermatitis,exclude,high,reject_or_too_broad,dataset_label,,Different condition from seborrheic dermatitis.
devraj,atlas_31_train,folder_name,Tinea Corporis,tinea corporis,/backup/Intern/Devraj/home_cache/kagglehub/datasets/kelixo25/31-classes-of-skin-disease/versions/1/Atlas dan ISIC2019 (31 classes)/train/Tinea Corporis,91,tinea_corporis,include,high,exact_or_common_synonym,dataset_label,,
devraj,atlas_31_train,folder_name,Tinea Nigra,tinea nigra,/backup/Intern/Devraj/home_cache/kagglehub/datasets/kelixo25/31-classes-of-skin-disease/versions/1/Atlas dan ISIC2019 (31 classes)/train/Tinea Nigra,94,,unmapped,,,,,
devraj,atlas_31_train,folder_name,Tungiasis,tungiasis,/backup/Intern/Devraj/home_cache/kagglehub/datasets/kelixo25/31-classes-of-skin-disease/versions/1/Atlas dan ISIC2019 (31 classes)/train/Tungiasis,106,,unmapped,,,,,
devraj,atlas_31_train,folder_name,Vascular lesion,vascular lesion,/backup/Intern/Devraj/home_cache/kagglehub/datasets/kelixo25/31-classes-of-skin-disease/versions/1/Atlas dan ISIC2019 (31 classes)/train/Vascular lesion,113,,unmapped,,,,,
devraj,atlas_31_test,folder_name,Actinic Keratosis,actinic keratosis,/backup/Intern/Devraj/home_cache/kagglehub/datasets/kelixo25/31-classes-of-skin-disease/versions/1/Atlas dan ISIC2019 (31 classes)/test/Actinic Keratosis,26,,unmapped,,,,,
devraj,atlas_31_test,folder_name,Basal Cell Carcinoma,basal cell carcinoma,/backup/Intern/Devraj/home_cache/kagglehub/datasets/kelixo25/31-classes-of-skin-disease/versions/1/Atlas dan ISIC2019 (31 classes)/test/Basal Cell Carcinoma,84,basal_cell_carcinoma,include,high,exact_or_common_synonym,DermNet/ICD/SNOMED,https://dermnetnz.org/topics/basal-cell-carcinoma,
devraj,atlas_31_test,folder_name,Darier_s Disease,darier s disease,/backup/Intern/Devraj/home_cache/kagglehub/datasets/kelixo25/31-classes-of-skin-disease/versions/1/Atlas dan ISIC2019 (31 classes)/test/Darier_s Disease,20,,unmapped,,,,,
devraj,atlas_31_test,folder_name,Dermatofibroma,dermatofibroma,/backup/Intern/Devraj/home_cache/kagglehub/datasets/kelixo25/31-classes-of-skin-disease/versions/1/Atlas dan ISIC2019 (31 classes)/test/Dermatofibroma,23,,unmapped,,,,,
devraj,atlas_31_test,folder_name,Epidermolysis Bullosa Pruriginosa,epidermolysis bullosa pruriginosa,/backup/Intern/Devraj/home_cache/kagglehub/datasets/kelixo25/31-classes-of-skin-disease/versions/1/Atlas dan ISIC2019 (31 classes)/test/Epidermolysis Bullosa Pruriginosa,20,,unmapped,,,,,
devraj,atlas_31_test,folder_name,Hailey-Hailey Disease,hailey hailey disease,/backup/Intern/Devraj/home_cache/kagglehub/datasets/kelixo25/31-classes-of-skin-disease/versions/1/Atlas dan ISIC2019 (31 classes)/test/Hailey-Hailey Disease,29,,unmapped,,,,,
devraj,atlas_31_test,folder_name,Larva Migrans,larva migrans,/backup/Intern/Devraj/home_cache/kagglehub/datasets/kelixo25/31-classes-of-skin-disease/versions/1/Atlas dan ISIC2019 (31 classes)/test/Larva Migrans,28,,unmapped,,,,,
devraj,atlas_31_test,folder_name,Leprosy Borderline,leprosy borderline,/backup/Intern/Devraj/home_cache/kagglehub/datasets/kelixo25/31-classes-of-skin-disease/versions/1/Atlas dan ISIC2019 (31 classes)/test/Leprosy Borderline,29,,unmapped,,,,,
devraj,atlas_31_test,folder_name,Leprosy Lepromatous,leprosy lepromatous,/backup/Intern/Devraj/home_cache/kagglehub/datasets/kelixo25/31-classes-of-skin-disease/versions/1/Atlas dan ISIC2019 (31 classes)/test/Leprosy Lepromatous,59,,unmapped,,,,,
devraj,atlas_31_test,folder_name,Leprosy Tuberculoid,leprosy tuberculoid,/backup/Intern/Devraj/home_cache/kagglehub/datasets/kelixo25/31-classes-of-skin-disease/versions/1/Atlas dan ISIC2019 (31 classes)/test/Leprosy Tuberculoid,47,,unmapped,,,,,
devraj,atlas_31_test,folder_name,Lichen Planus,lichen planus,/backup/Intern/Devraj/home_cache/kagglehub/datasets/kelixo25/31-classes-of-skin-disease/versions/1/Atlas dan ISIC2019 (31 classes)/test/Lichen Planus,27,,unmapped,,,,,
devraj,atlas_31_test,folder_name,Lupus Erythematosus Chronicus Discoides,lupus erythematosus chronicus discoides,/backup/Intern/Devraj/home_cache/kagglehub/datasets/kelixo25/31-classes-of-skin-disease/versions/1/Atlas dan ISIC2019 (31 classes)/test/Lupus Erythematosus Chronicus Discoides,23,lupus_related_skin_lesions,include,high,exact_or_common_synonym,dataset_label,,
devraj,atlas_31_test,folder_name,Melanoma,melanoma,/backup/Intern/Devraj/home_cache/kagglehub/datasets/kelixo25/31-classes-of-skin-disease/versions/1/Atlas dan ISIC2019 (31 classes)/test/Melanoma,26,melanoma,include,high,exact_or_common_synonym,DermNet/ICD/SNOMED,https://dermnetnz.org/topics/melanoma,
devraj,atlas_31_test,folder_name,Mycosis Fungoides,mycosis fungoides,/backup/Intern/Devraj/home_cache/kagglehub/datasets/kelixo25/31-classes-of-skin-disease/versions/1/Atlas dan ISIC2019 (31 classes)/test/Mycosis Fungoides,24,,unmapped,,,,,
devraj,atlas_31_test,folder_name,Neurofibromatosis,neurofibromatosis,/backup/Intern/Devraj/home_cache/kagglehub/datasets/kelixo25/31-classes-of-skin-disease/versions/1/Atlas dan ISIC2019 (31 classes)/test/Neurofibromatosis,18,,unmapped,,,,,
devraj,atlas_31_test,folder_name,Nevus,nevus,/backup/Intern/Devraj/home_cache/kagglehub/datasets/kelixo25/31-classes-of-skin-disease/versions/1/Atlas dan ISIC2019 (31 classes)/test/Nevus,75,,unmapped,,,,,
devraj,atlas_31_test,folder_name,Papilomatosis Confluentes And Reticulate,papilomatosis confluentes and reticulate,/backup/Intern/Devraj/home_cache/kagglehub/datasets/kelixo25/31-classes-of-skin-disease/versions/1/Atlas dan ISIC2019 (31 classes)/test/Papilomatosis Confluentes And Reticulate,18,,unmapped,,,,,
devraj,atlas_31_test,folder_name,Pediculosis Capitis,pediculosis capitis,/backup/Intern/Devraj/home_cache/kagglehub/datasets/kelixo25/31-classes-of-skin-disease/versions/1/Atlas dan ISIC2019 (31 classes)/test/Pediculosis Capitis,17,,unmapped,,,,,
devraj,atlas_31_test,folder_name,Pigmented Benign Keratosis,pigmented benign keratosis,/backup/Intern/Devraj/home_cache/kagglehub/datasets/kelixo25/31-classes-of-skin-disease/versions/1/Atlas dan ISIC2019 (31 classes)/test/Pigmented Benign Keratosis,96,,unmapped,,,,,
devraj,atlas_31_test,folder_name,Pityriasis Rosea,pityriasis rosea,/backup/Intern/Devraj/home_cache/kagglehub/datasets/kelixo25/31-classes-of-skin-disease/versions/1/Atlas dan ISIC2019 (31 classes)/test/Pityriasis Rosea,26,,unmapped,,,,,
devraj,atlas_31_test,folder_name,Porokeratosis Actinic,porokeratosis actinic,/backup/Intern/Devraj/home_cache/kagglehub/datasets/kelixo25/31-classes-of-skin-disease/versions/1/Atlas dan ISIC2019 (31 classes)/test/Porokeratosis Actinic,26,,unmapped,,,,,
devraj,atlas_31_test,folder_name,Psoriasis,psoriasis,/backup/Intern/Devraj/home_cache/kagglehub/datasets/kelixo25/31-classes-of-skin-disease/versions/1/Atlas dan ISIC2019 (31 classes)/test/Psoriasis,27,plaque_psoriasis,review_include,medium,broad_dataset_label,dataset_label,,General psoriasis label mapped to plaque psoriasis; review recommended.
devraj,atlas_31_test,folder_name,Seborrheic keratosis,seborrheic keratosis,/backup/Intern/Devraj/home_cache/kagglehub/datasets/kelixo25/31-classes-of-skin-disease/versions/1/Atlas dan ISIC2019 (31 classes)/test/Seborrheic keratosis,16,seborrheic_dermatitis,exclude,high,reject_or_too_broad,dataset_label,,Different condition from seborrheic dermatitis.
devraj,atlas_31_test,folder_name,Tinea Corporis,tinea corporis,/backup/Intern/Devraj/home_cache/kagglehub/datasets/kelixo25/31-classes-of-skin-disease/versions/1/Atlas dan ISIC2019 (31 classes)/test/Tinea Corporis,23,tinea_corporis,include,high,exact_or_common_synonym,dataset_label,,
devraj,atlas_31_test,folder_name,Tinea Nigra,tinea nigra,/backup/Intern/Devraj/home_cache/kagglehub/datasets/kelixo25/31-classes-of-skin-disease/versions/1/Atlas dan ISIC2019 (31 classes)/test/Tinea Nigra,24,,unmapped,,,,,
devraj,atlas_31_test,folder_name,Tungiasis,tungiasis,/backup/Intern/Devraj/home_cache/kagglehub/datasets/kelixo25/31-classes-of-skin-disease/versions/1/Atlas dan ISIC2019 (31 classes)/test/Tungiasis,27,,unmapped,,,,,
devraj,atlas_31_test,folder_name,Vascular lesion,vascular lesion,/backup/Intern/Devraj/home_cache/kagglehub/datasets/kelixo25/31-classes-of-skin-disease/versions/1/Atlas dan ISIC2019 (31 classes)/test/Vascular lesion,29,,unmapped,,,,,
devraj,pacific_train,folder_name,Acne,acne,/backup/Intern/Devraj/home_cache/kagglehub/datasets/pacificrm/skindiseasedataset/versions/6/SkinDisease/SkinDisease/train/Acne,593,acne_vulgaris,review_include,medium,broad_dataset_label,dataset_label,,Broad acne label; review class purity.
devraj,pacific_train,folder_name,Actinic_Keratosis,actinic keratosis,/backup/Intern/Devraj/home_cache/kagglehub/datasets/pacificrm/skindiseasedataset/versions/6/SkinDisease/SkinDisease/train/Actinic_Keratosis,748,,unmapped,,,,,
devraj,pacific_train,folder_name,Benign_tumors,benign tumors,/backup/Intern/Devraj/home_cache/kagglehub/datasets/pacificrm/skindiseasedataset/versions/6/SkinDisease/SkinDisease/train/Benign_tumors,1093,,unmapped,,,,,
devraj,pacific_train,folder_name,Bullous,bullous,/backup/Intern/Devraj/home_cache/kagglehub/datasets/pacificrm/skindiseasedataset/versions/6/SkinDisease/SkinDisease/train/Bullous,504,,unmapped,,,,,
devraj,pacific_train,folder_name,DrugEruption,drugeruption,/backup/Intern/Devraj/home_cache/kagglehub/datasets/pacificrm/skindiseasedataset/versions/6/SkinDisease/SkinDisease/train/DrugEruption,547,drug_eruptions,include,high,exact_or_common_synonym,dataset_label,,
devraj,pacific_train,folder_name,Eczema,eczema,/backup/Intern/Devraj/home_cache/kagglehub/datasets/pacificrm/skindiseasedataset/versions/6/SkinDisease/SkinDisease/train/Eczema,1010,atopic_dermatitis,exclude,high,reject_or_too_broad,dataset_label,,Too broad; not automatically mapped to atopic dermatitis.
devraj,pacific_train,folder_name,Infestations_Bites,infestations bites,/backup/Intern/Devraj/home_cache/kagglehub/datasets/pacificrm/skindiseasedataset/versions/6/SkinDisease/SkinDisease/train/Infestations_Bites,524,,unmapped,,,,,
devraj,pacific_train,folder_name,Lichen,lichen,/backup/Intern/Devraj/home_cache/kagglehub/datasets/pacificrm/skindiseasedataset/versions/6/SkinDisease/SkinDisease/train/Lichen,553,,unmapped,,,,,
devraj,pacific_train,folder_name,Lupus,lupus,/backup/Intern/Devraj/home_cache/kagglehub/datasets/pacificrm/skindiseasedataset/versions/6/SkinDisease/SkinDisease/train/Lupus,311,lupus_related_skin_lesions,review_include,medium,broad_dataset_label,dataset_label,,Broad lupus folder; review purity.
devraj,pacific_train,folder_name,Moles,moles,/backup/Intern/Devraj/home_cache/kagglehub/datasets/pacificrm/skindiseasedataset/versions/6/SkinDisease/SkinDisease/train/Moles,361,,unmapped,,,,,
devraj,pacific_train,folder_name,Psoriasis,psoriasis,/backup/Intern/Devraj/home_cache/kagglehub/datasets/pacificrm/skindiseasedataset/versions/6/SkinDisease/SkinDisease/train/Psoriasis,820,plaque_psoriasis,review_include,medium,broad_dataset_label,dataset_label,,General psoriasis label mapped to plaque psoriasis; review recommended.
devraj,pacific_train,folder_name,Rosacea,rosacea,/backup/Intern/Devraj/home_cache/kagglehub/datasets/pacificrm/skindiseasedataset/versions/6/SkinDisease/SkinDisease/train/Rosacea,254,,unmapped,,,,,
devraj,pacific_train,folder_name,Seborrh_Keratoses,seborrh keratoses,/backup/Intern/Devraj/home_cache/kagglehub/datasets/pacificrm/skindiseasedataset/versions/6/SkinDisease/SkinDisease/train/Seborrh_Keratoses,455,seborrheic_dermatitis,exclude,high,reject_or_too_broad,dataset_label,,Different condition from seborrheic dermatitis.
devraj,pacific_train,folder_name,SkinCancer,skincancer,/backup/Intern/Devraj/home_cache/kagglehub/datasets/pacificrm/skindiseasedataset/versions/6/SkinDisease/SkinDisease/train/SkinCancer,693,melanoma,exclude,high,reject_or_too_broad,dataset_label,,"Too broad; can mix melanoma, BCC, SCC, and other cancers."
devraj,pacific_train,folder_name,Sun_Sunlight_Damage,sun sunlight damage,/backup/Intern/Devraj/home_cache/kagglehub/datasets/pacificrm/skindiseasedataset/versions/6/SkinDisease/SkinDisease/train/Sun_Sunlight_Damage,312,,unmapped,,,,,
devraj,pacific_train,folder_name,Tinea,tinea,/backup/Intern/Devraj/home_cache/kagglehub/datasets/pacificrm/skindiseasedataset/versions/6/SkinDisease/SkinDisease/train/Tinea,923,tinea_corporis,review_include,medium,broad_dataset_label,dataset_label,,Broad tinea folder; review recommended.
devraj,pacific_train,folder_name,Unknown_Normal,unknown normal,/backup/Intern/Devraj/home_cache/kagglehub/datasets/pacificrm/skindiseasedataset/versions/6/SkinDisease/SkinDisease/train/Unknown_Normal,1651,,unmapped,,,,,
devraj,pacific_train,folder_name,Vascular_Tumors,vascular tumors,/backup/Intern/Devraj/home_cache/kagglehub/datasets/pacificrm/skindiseasedataset/versions/6/SkinDisease/SkinDisease/train/Vascular_Tumors,543,,unmapped,,,,,
devraj,pacific_train,folder_name,Vasculitis,vasculitis,/backup/Intern/Devraj/home_cache/kagglehub/datasets/pacificrm/skindiseasedataset/versions/6/SkinDisease/SkinDisease/train/Vasculitis,461,,unmapped,,,,,
devraj,pacific_train,folder_name,Vitiligo,vitiligo,/backup/Intern/Devraj/home_cache/kagglehub/datasets/pacificrm/skindiseasedataset/versions/6/SkinDisease/SkinDisease/train/Vitiligo,714,vitiligo,include,high,exact_or_common_synonym,dataset_label,,
devraj,pacific_train,folder_name,Warts,warts,/backup/Intern/Devraj/home_cache/kagglehub/datasets/pacificrm/skindiseasedataset/versions/6/SkinDisease/SkinDisease/train/Warts,580,warts,include,high,exact_or_common_synonym,dataset_label,,
devraj,pacific_test,folder_name,Acne,acne,/backup/Intern/Devraj/home_cache/kagglehub/datasets/pacificrm/skindiseasedataset/versions/6/SkinDisease/SkinDisease/test/Acne,65,acne_vulgaris,review_include,medium,broad_dataset_label,dataset_label,,Broad acne label; review class purity.
devraj,pacific_test,folder_name,Actinic_Keratosis,actinic keratosis,/backup/Intern/Devraj/home_cache/kagglehub/datasets/pacificrm/skindiseasedataset/versions/6/SkinDisease/SkinDisease/test/Actinic_Keratosis,83,,unmapped,,,,,
devraj,pacific_test,folder_name,Benign_tumors,benign tumors,/backup/Intern/Devraj/home_cache/kagglehub/datasets/pacificrm/skindiseasedataset/versions/6/SkinDisease/SkinDisease/test/Benign_tumors,121,,unmapped,,,,,
devraj,pacific_test,folder_name,Bullous,bullous,/backup/Intern/Devraj/home_cache/kagglehub/datasets/pacificrm/skindiseasedataset/versions/6/SkinDisease/SkinDisease/test/Bullous,55,,unmapped,,,,,
devraj,pacific_test,folder_name,DrugEruption,drugeruption,/backup/Intern/Devraj/home_cache/kagglehub/datasets/pacificrm/skindiseasedataset/versions/6/SkinDisease/SkinDisease/test/DrugEruption,61,drug_eruptions,include,high,exact_or_common_synonym,dataset_label,,
devraj,pacific_test,folder_name,Eczema,eczema,/backup/Intern/Devraj/home_cache/kagglehub/datasets/pacificrm/skindiseasedataset/versions/6/SkinDisease/SkinDisease/test/Eczema,112,atopic_dermatitis,exclude,high,reject_or_too_broad,dataset_label,,Too broad; not automatically mapped to atopic dermatitis.
devraj,pacific_test,folder_name,Infestations_Bites,infestations bites,/backup/Intern/Devraj/home_cache/kagglehub/datasets/pacificrm/skindiseasedataset/versions/6/SkinDisease/SkinDisease/test/Infestations_Bites,60,,unmapped,,,,,
devraj,pacific_test,folder_name,Lichen,lichen,/backup/Intern/Devraj/home_cache/kagglehub/datasets/pacificrm/skindiseasedataset/versions/6/SkinDisease/SkinDisease/test/Lichen,61,,unmapped,,,,,
devraj,pacific_test,folder_name,Lupus,lupus,/backup/Intern/Devraj/home_cache/kagglehub/datasets/pacificrm/skindiseasedataset/versions/6/SkinDisease/SkinDisease/test/Lupus,34,lupus_related_skin_lesions,review_include,medium,broad_dataset_label,dataset_label,,Broad lupus folder; review purity.
devraj,pacific_test,folder_name,Moles,moles,/backup/Intern/Devraj/home_cache/kagglehub/datasets/pacificrm/skindiseasedataset/versions/6/SkinDisease/SkinDisease/test/Moles,40,,unmapped,,,,,
devraj,pacific_test,folder_name,Psoriasis,psoriasis,/backup/Intern/Devraj/home_cache/kagglehub/datasets/pacificrm/skindiseasedataset/versions/6/SkinDisease/SkinDisease/test/Psoriasis,88,plaque_psoriasis,review_include,medium,broad_dataset_label,dataset_label,,General psoriasis label mapped to plaque psoriasis; review recommended.
devraj,pacific_test,folder_name,Rosacea,rosacea,/backup/Intern/Devraj/home_cache/kagglehub/datasets/pacificrm/skindiseasedataset/versions/6/SkinDisease/SkinDisease/test/Rosacea,28,,unmapped,,,,,
devraj,pacific_test,folder_name,Seborrh_Keratoses,seborrh keratoses,/backup/Intern/Devraj/home_cache/kagglehub/datasets/pacificrm/skindiseasedataset/versions/6/SkinDisease/SkinDisease/test/Seborrh_Keratoses,51,seborrheic_dermatitis,exclude,high,reject_or_too_broad,dataset_label,,Different condition from seborrheic dermatitis.
devraj,pacific_test,folder_name,SkinCancer,skincancer,/backup/Intern/Devraj/home_cache/kagglehub/datasets/pacificrm/skindiseasedataset/versions/6/SkinDisease/SkinDisease/test/SkinCancer,77,melanoma,exclude,high,reject_or_too_broad,dataset_label,,"Too broad; can mix melanoma, BCC, SCC, and other cancers."
devraj,pacific_test,folder_name,Sun_Sunlight_Damage,sun sunlight damage,/backup/Intern/Devraj/home_cache/kagglehub/datasets/pacificrm/skindiseasedataset/versions/6/SkinDisease/SkinDisease/test/Sun_Sunlight_Damage,34,,unmapped,,,,,
devraj,pacific_test,folder_name,Tinea,tinea,/backup/Intern/Devraj/home_cache/kagglehub/datasets/pacificrm/skindiseasedataset/versions/6/SkinDisease/SkinDisease/test/Tinea,102,tinea_corporis,review_include,medium,broad_dataset_label,dataset_label,,Broad tinea folder; review recommended.
devraj,pacific_test,folder_name,Unknown_Normal,unknown normal,/backup/Intern/Devraj/home_cache/kagglehub/datasets/pacificrm/skindiseasedataset/versions/6/SkinDisease/SkinDisease/test/Unknown_Normal,189,,unmapped,,,,,
devraj,pacific_test,folder_name,Vascular_Tumors,vascular tumors,/backup/Intern/Devraj/home_cache/kagglehub/datasets/pacificrm/skindiseasedataset/versions/6/SkinDisease/SkinDisease/test/Vascular_Tumors,60,,unmapped,,,,,
devraj,pacific_test,folder_name,Vasculitis,vasculitis,/backup/Intern/Devraj/home_cache/kagglehub/datasets/pacificrm/skindiseasedataset/versions/6/SkinDisease/SkinDisease/test/Vasculitis,52,,unmapped,,,,,
devraj,pacific_test,folder_name,Vitiligo,vitiligo,/backup/Intern/Devraj/home_cache/kagglehub/datasets/pacificrm/skindiseasedataset/versions/6/SkinDisease/SkinDisease/test/Vitiligo,82,vitiligo,include,high,exact_or_common_synonym,dataset_label,,
devraj,pacific_test,folder_name,Warts,warts,/backup/Intern/Devraj/home_cache/kagglehub/datasets/pacificrm/skindiseasedataset/versions/6/SkinDisease/SkinDisease/test/Warts,64,warts,include,high,exact_or_common_synonym,dataset_label,,
devraj,riya_train,folder_name,Actinic keratosis,actinic keratosis,/backup/Intern/Devraj/home_cache/kagglehub/datasets/riyaelizashaju/skin-disease-classification-image-dataset/versions/1/Split_smol/train/Actinic keratosis,80,,unmapped,,,,,
devraj,riya_train,folder_name,Atopic Dermatitis,atopic dermatitis,/backup/Intern/Devraj/home_cache/kagglehub/datasets/riyaelizashaju/skin-disease-classification-image-dataset/versions/1/Split_smol/train/Atopic Dermatitis,81,atopic_dermatitis,include,high,exact_or_common_synonym,dataset_label,,
devraj,riya_train,folder_name,Benign keratosis,benign keratosis,/backup/Intern/Devraj/home_cache/kagglehub/datasets/riyaelizashaju/skin-disease-classification-image-dataset/versions/1/Split_smol/train/Benign keratosis,80,,unmapped,,,,,
devraj,riya_train,folder_name,Dermatofibroma,dermatofibroma,/backup/Intern/Devraj/home_cache/kagglehub/datasets/riyaelizashaju/skin-disease-classification-image-dataset/versions/1/Split_smol/train/Dermatofibroma,80,,unmapped,,,,,
devraj,riya_train,folder_name,Melanocytic nevus,melanocytic nevus,/backup/Intern/Devraj/home_cache/kagglehub/datasets/riyaelizashaju/skin-disease-classification-image-dataset/versions/1/Split_smol/train/Melanocytic nevus,80,melanoma,exclude,high,reject_or_too_broad,dataset_label,,Benign nevus; not melanoma.
devraj,riya_train,folder_name,Melanoma,melanoma,/backup/Intern/Devraj/home_cache/kagglehub/datasets/riyaelizashaju/skin-disease-classification-image-dataset/versions/1/Split_smol/train/Melanoma,80,melanoma,include,high,exact_or_common_synonym,DermNet/ICD/SNOMED,https://dermnetnz.org/topics/melanoma,
devraj,riya_train,folder_name,Tinea Ringworm Candidiasis,tinea ringworm candidiasis,/backup/Intern/Devraj/home_cache/kagglehub/datasets/riyaelizashaju/skin-disease-classification-image-dataset/versions/1/Split_smol/train/Tinea Ringworm Candidiasis,56,tinea_corporis,exclude,high,reject_or_too_broad,dataset_label,,Mixed tinea/candidiasis label; not used for new automatic mapping.
devraj,riya_train,folder_name,Vascular lesion,vascular lesion,/backup/Intern/Devraj/home_cache/kagglehub/datasets/riyaelizashaju/skin-disease-classification-image-dataset/versions/1/Split_smol/train/Vascular lesion,80,,unmapped,,,,,
devraj,riya_val,folder_name,Actinic keratosis,actinic keratosis,/backup/Intern/Devraj/home_cache/kagglehub/datasets/riyaelizashaju/skin-disease-classification-image-dataset/versions/1/Split_smol/val/Actinic keratosis,20,,unmapped,,,,,
devraj,riya_val,folder_name,Atopic Dermatitis,atopic dermatitis,/backup/Intern/Devraj/home_cache/kagglehub/datasets/riyaelizashaju/skin-disease-classification-image-dataset/versions/1/Split_smol/val/Atopic Dermatitis,21,atopic_dermatitis,include,high,exact_or_common_synonym,dataset_label,,
devraj,riya_val,folder_name,Benign keratosis,benign keratosis,/backup/Intern/Devraj/home_cache/kagglehub/datasets/riyaelizashaju/skin-disease-classification-image-dataset/versions/1/Split_smol/val/Benign keratosis,20,,unmapped,,,,,
devraj,riya_val,folder_name,Dermatofibroma,dermatofibroma,/backup/Intern/Devraj/home_cache/kagglehub/datasets/riyaelizashaju/skin-disease-classification-image-dataset/versions/1/Split_smol/val/Dermatofibroma,20,,unmapped,,,,,
devraj,riya_val,folder_name,Melanocytic nevus,melanocytic nevus,/backup/Intern/Devraj/home_cache/kagglehub/datasets/riyaelizashaju/skin-disease-classification-image-dataset/versions/1/Split_smol/val/Melanocytic nevus,20,melanoma,exclude,high,reject_or_too_broad,dataset_label,,Benign nevus; not melanoma.
devraj,riya_val,folder_name,Melanoma,melanoma,/backup/Intern/Devraj/home_cache/kagglehub/datasets/riyaelizashaju/skin-disease-classification-image-dataset/versions/1/Split_smol/val/Melanoma,20,melanoma,include,high,exact_or_common_synonym,DermNet/ICD/SNOMED,https://dermnetnz.org/topics/melanoma,
devraj,riya_val,folder_name,Tinea Ringworm Candidiasis,tinea ringworm candidiasis,/backup/Intern/Devraj/home_cache/kagglehub/datasets/riyaelizashaju/skin-disease-classification-image-dataset/versions/1/Split_smol/val/Tinea Ringworm Candidiasis,20,tinea_corporis,exclude,high,reject_or_too_broad,dataset_label,,Mixed tinea/candidiasis label; not used for new automatic mapping.
devraj,riya_val,folder_name,Vascular lesion,vascular lesion,/backup/Intern/Devraj/home_cache/kagglehub/datasets/riyaelizashaju/skin-disease-classification-image-dataset/versions/1/Split_smol/val/Vascular lesion,20,,unmapped,,,,,
dermassist,master_dataset.csv,specific_label,Acne,acne,/backup/TeleDerm/DermAssist/data_prep/output/master_dataset.csv,3944,acne_vulgaris,review_include,medium,broad_dataset_label,dataset_label,,Broad acne label; review class purity.
dermassist,master_dataset.csv,specific_label,Actinic Keratosis,actinic keratosis,/backup/TeleDerm/DermAssist/data_prep/output/master_dataset.csv,3255,,unmapped,,,,,
dermassist,master_dataset.csv,specific_label,Athletes Foot,athletes foot,/backup/TeleDerm/DermAssist/data_prep/output/master_dataset.csv,156,,unmapped,,,,,
dermassist,master_dataset.csv,specific_label,Atopic Dermatitis,atopic dermatitis,/backup/TeleDerm/DermAssist/data_prep/output/master_dataset.csv,1869,atopic_dermatitis,include,high,exact_or_common_synonym,dataset_label,,
dermassist,master_dataset.csv,specific_label,Basal Cell Carcinoma,basal cell carcinoma,/backup/TeleDerm/DermAssist/data_prep/output/master_dataset.csv,8358,basal_cell_carcinoma,include,high,exact_or_common_synonym,DermNet/ICD/SNOMED,https://dermnetnz.org/topics/basal-cell-carcinoma,
dermassist,master_dataset.csv,specific_label,Bullous Disease,bullous disease,/backup/TeleDerm/DermAssist/data_prep/output/master_dataset.csv,561,,unmapped,,,,,
dermassist,master_dataset.csv,specific_label,Chickenpox,chickenpox,/backup/TeleDerm/DermAssist/data_prep/output/master_dataset.csv,170,,unmapped,,,,,
dermassist,master_dataset.csv,specific_label,Contact Dermatitis,contact dermatitis,/backup/TeleDerm/DermAssist/data_prep/output/master_dataset.csv,325,contact_dermatitis,include,high,exact_or_common_synonym,dataset_label,,
dermassist,master_dataset.csv,specific_label,Dermatofibroma,dermatofibroma,/backup/TeleDerm/DermAssist/data_prep/output/master_dataset.csv,115,,unmapped,,,,,
dermassist,master_dataset.csv,specific_label,Drug Eruption,drug eruption,/backup/TeleDerm/DermAssist/data_prep/output/master_dataset.csv,1263,drug_eruptions,include,high,exact_or_common_synonym,dataset_label,,
dermassist,master_dataset.csv,specific_label,Eczema,eczema,/backup/TeleDerm/DermAssist/data_prep/output/master_dataset.csv,8309,atopic_dermatitis,exclude,high,reject_or_too_broad,dataset_label,,Too broad; not automatically mapped to atopic dermatitis.
dermassist,master_dataset.csv,specific_label,Lupus Cutaneous,lupus cutaneous,/backup/TeleDerm/DermAssist/data_prep/output/master_dataset.csv,1046,lupus_related_skin_lesions,review_include,medium,broad_dataset_label,dataset_label,,Cutaneous lupus mapped to lupus-related skin lesions.
dermassist,master_dataset.csv,specific_label,Melanocytic Nevus,melanocytic nevus,/backup/TeleDerm/DermAssist/data_prep/output/master_dataset.csv,53330,melanoma,exclude,high,reject_or_too_broad,dataset_label,,Benign nevus; not melanoma.
dermassist,master_dataset.csv,specific_label,Melanoma,melanoma,/backup/TeleDerm/DermAssist/data_prep/output/master_dataset.csv,9524,melanoma,include,high,exact_or_common_synonym,DermNet/ICD/SNOMED,https://dermnetnz.org/topics/melanoma,
dermassist,master_dataset.csv,specific_label,Nail Fungus,nail fungus,/backup/TeleDerm/DermAssist/data_prep/output/master_dataset.csv,1463,fungal_nail_infections,include,high,exact_or_common_synonym,dataset_label,,
dermassist,master_dataset.csv,specific_label,Other Benign,other benign,/backup/TeleDerm/DermAssist/data_prep/output/master_dataset.csv,29583,,unmapped,,,,,
dermassist,master_dataset.csv,specific_label,Psoriasis,psoriasis,/backup/TeleDerm/DermAssist/data_prep/output/master_dataset.csv,3812,plaque_psoriasis,review_include,medium,broad_dataset_label,dataset_label,,General psoriasis label mapped to plaque psoriasis; review recommended.
dermassist,master_dataset.csv,specific_label,Seborrheic Keratosis,seborrheic keratosis,/backup/TeleDerm/DermAssist/data_prep/output/master_dataset.csv,8522,seborrheic_dermatitis,exclude,high,reject_or_too_broad,dataset_label,,Different condition from seborrheic dermatitis.
dermassist,master_dataset.csv,specific_label,Tinea Ringworm,tinea ringworm,/backup/TeleDerm/DermAssist/data_prep/output/master_dataset.csv,3440,tinea_corporis,review_include,medium,broad_dataset_label,dataset_label,,Broad ringworm/tinea label mapped to tinea corporis; review recommended.
dermassist,master_dataset.csv,specific_label,Vascular Lesion,vascular lesion,/backup/TeleDerm/DermAssist/data_prep/output/master_dataset.csv,745,,unmapped,,,,,
dermassist,master_dataset.csv,specific_label,Verruca,verruca,/backup/TeleDerm/DermAssist/data_prep/output/master_dataset.csv,3461,warts,include,high,exact_or_common_synonym,dataset_label,,
dermassist,master_dataset.csv,specific_label,Vitiligo,vitiligo,/backup/TeleDerm/DermAssist/data_prep/output/master_dataset.csv,2002,vitiligo,include,high,exact_or_common_synonym,dataset_label,,
dermassist,master_dataset.csv,category_label,Acne & Rosacea,acne and rosacea,/backup/TeleDerm/DermAssist/data_prep/output/master_dataset.csv,3944,,unmapped,,,DermAssist broader category label,,Not used for final disease mapping.
dermassist,master_dataset.csv,category_label,Benign Growth,benign growth,/backup/TeleDerm/DermAssist/data_prep/output/master_dataset.csv,75577,,unmapped,,,DermAssist broader category label,,Not used for final disease mapping.
dermassist,master_dataset.csv,category_label,Infectious,infectious,/backup/TeleDerm/DermAssist/data_prep/output/master_dataset.csv,10655,,unmapped,,,DermAssist broader category label,,Not used for final disease mapping.
dermassist,master_dataset.csv,category_label,Inflammatory,inflammatory,/backup/TeleDerm/DermAssist/data_prep/output/master_dataset.csv,17450,,unmapped,,,DermAssist broader category label,,Not used for final disease mapping.
dermassist,master_dataset.csv,category_label,Pigmentation Disorder,pigmentation disorder,/backup/TeleDerm/DermAssist/data_prep/output/master_dataset.csv,2002,,unmapped,,,DermAssist broader category label,,Not used for final disease mapping.
dermassist,master_dataset.csv,category_label,Precancerous,precancerous,/backup/TeleDerm/DermAssist/data_prep/output/master_dataset.csv,3255,,unmapped,,,DermAssist broader category label,,Not used for final disease mapping.
dermassist,master_dataset.csv,category_label,Skin Cancer,skin cancer,/backup/TeleDerm/DermAssist/data_prep/output/master_dataset.csv,18633,,unmapped,,,DermAssist broader category label,,Not used for final disease mapping.
dermassist,master_dataset.csv,category_label,Vascular / Other,vascular other,/backup/TeleDerm/DermAssist/data_prep/output/master_dataset.csv,1044,,unmapped,,,DermAssist broader category label,,Not used for final disease mapping.
dermassist,master_dataset.csv,binary_label,benign,benign,/backup/TeleDerm/DermAssist/data_prep/output/master_dataset.csv,118166,,unmapped,,,DermAssist binary benign/malignant label,,Not used for final disease mapping.
dermassist,master_dataset.csv,binary_label,malignant,malignant,/backup/TeleDerm/DermAssist/data_prep/output/master_dataset.csv,27112,,unmapped,,,DermAssist binary benign/malignant label,,Not used for final disease mapping.
dermassist,master_dataset.csv,binary_label,premalignant,premalignant,/backup/TeleDerm/DermAssist/data_prep/output/master_dataset.csv,3255,,unmapped,,,DermAssist binary benign/malignant label,,Not used for final disease mapping.
